dataset,method,n,hit1,hit5,hit10,hit100,mrr10,half2000,half8000,full8000,p50_ms,p95_ms,p99_ms,errors
repoqa,sgrep-main,600,0.6616666666666666,0.8966666666666666,0.9433333333333334,0.9733333333333334,0.7573571428571428,0.7566666666666667,0.8983333333333333,0.8983333333333333,52.76008349937911,69.21479100037686,101.38949999964098,0
repoqa,ck-sem,600,0.5766666666666667,0.855,0.915,0.96,0.6953029100529101,0.6716666666666666,0.8133333333333334,0.795,147.44914600032644,181.83349999981147,272.42949999981647,0
repoqa,ck-lex,600,0.0,0.0,0.0,0.0,0.0,0.0,0.0,0.0,10.238354000193794,25.635875000261876,99.990708000405,600
repoqa,ripgrep,600,0.015,0.09333333333333334,0.19166666666666668,0.8633333333333333,0.052876984126984126,0.03333333333333333,0.16833333333333333,0.011666666666666667,14.921104499990179,45.671500000025844,66.804415999286,0
repoqa,jevgrep,600,0.6983333333333334,0.7816666666666666,0.7866666666666666,0.795,0.7351269841269842,0.5633333333333334,0.585,0.5833333333333334,9513.406374999904,35585.86499999999,63286.42854200001,0
cosqa,sgrep-main,500,0.274,0.558,0.676,0.94,0.3958507936507937,,,,239.26622899989525,1101.4449579997745,1207.6505830000315,0
cosqa,ck-sem,500,0.38,0.696,0.796,0.962,0.514984126984127,,,,486.62545849992966,2399.7815419998005,2556.423332999657,0
cosqa,ck-lex,500,0.22,0.418,0.528,0.754,0.3091515873015873,,,,229.08941700006835,321.7923330003032,454.9918749999051,6
cosqa,ripgrep,500,0.0,0.006,0.01,0.128,0.0022666666666666664,,,,118.44458349924025,623.3964579996609,730.8761249996678,0
